,id_column,rawContent,cleaned_content,label_1,label_2,english_relative_frequency,date,annotated_at_1,annotated_at_2
0,18044,"John
Pallelai bedokwalk no49.miss lohahhuat stubborn john patient even when u make mistakes.",john pallelai bedokwalk no49 miss lohahhuat stubborn john patient even when u make mistakes,,,0.7692307692307693,2022-07-01 23:32:11+00:00,2022-11-18 13:20:53,2022-12-08 13:40:28
1,14211,Ê≤°‰∫ã‰∏çË¶ÅÊç¢passportÔºÅLong Q like vaccination center‚Ä¶ 25-05-2022 #cstar @ Jabatan Imigresen Malaysia Utc Johor https://t.co/hQ1nO269PY,passportlong q like vaccination center 25 05 2022 jabatan imigresen malaysia utc johor,non_standard_english,code-switched,0.7,2022-05-24 23:55:15+00:00,2022-11-18 13:21:09,2022-12-08 13:50:53
2,18549,"John
Pallelai bedokwalk no 49.misslohahhuat digrace u assess to information .u can charge protection data act.",john pallelai bedokwalk no 49 misslohahhuat digrace u assess to information u can charge protection data act,,,0.75,2022-07-06 23:26:49+00:00,2022-11-18 13:21:12,2022-12-08 13:11:21
3,17947,"John
Pallelai bedokwalk bo49 misslohahhuat misskitty u at my photo can be use evidence in court today is a sfa day misslohahuat in prediction is wrong. https://t.co/9JAFCBgNyZ",john pallelai bedokwalk bo49 misslohahhuat misskitty u at my photo can be use evidence in court today is a sfa day misslohahuat in prediction is wrong,,,0.76,2022-06-30 23:36:15+00:00,2022-11-18 13:21:15,2022-12-08 13:11:36
4,21112,"Lepas 4 hr vacay, rasa janggal ye hr ni nak berkerja semula ü§£",lepas 4 hr vacay rasa janggal ye hr ni nak berkerja semula,not_english,some_english,0.7272727272727273,2022-08-01 23:56:28+00:00,2022-11-18 13:21:18,2022-12-08 13:41:25
5,8855,"Nasasabik kaming makilala ka! David and @Alfredsunn will be seeing you FACE-TO-FACE in Philippines this coming August 2022 at the Raikan Fancon! 

@RaikantopeniPHL 
#RaikanFanConGameOn https://t.co/dEVjgcdIw4",nasasabik kaming makilala ka david and will be seeing you face to face in philippines this coming august 2022 at the raikan fancon,code-switched,code-switched,0.7727272727272727,2022-03-31 23:22:52+00:00,2022-11-18 13:21:25,2022-12-08 13:47:48
6,21169,"John
Pallelai bedokwalk no49.misslohahhuat stubborness u dont believe in the word of god.yet hearing as well as having intectual https://t.co/4pO54NdRRh is there that we engage with god through his word personnally ecounter him.misskitty dont beleive why u say dhamma.buddha teach",john pallelai bedokwalk no49 misslohahhuat stubborness u dont believe in the word of god yet hearing as well as having intectual is there that we engage with god through his word personnally ecounter him misskitty dont beleive why u say dhamma buddha teach,,,0.7619047619047619,2022-08-01 23:28:48+00:00,2022-11-18 13:21:28,2022-12-08 13:07:14
7,3418,"Hahah american/indian warrior/hunter means. Pains shape me to be a warrior/hunter
Peony flowers sa taas. For the love of nature.ü§©ü§ó 
Pa book naman ta. Idol ning artist ko.buot na,humble pa. https://t.co/SK2F2JIQOR",hahah americanindian warriorhunter means pains shape me to be a warriorhunter peony flowers sa taas for the love of nature pa book naman ta idol ning artist ko buot nahumble pa,code-switched,code-switched,0.7419354838709677,2022-02-05 23:40:14+00:00,2022-11-18 13:21:51,2022-12-08 13:07:31
8,18379,"John
Pallelai bedokwalk no49.misslohahhuat.misskitty they mountain man.they living in uncivilised world .inaddition living in prison .they any how possesse meditation on publics.",john pallelai bedokwalk no49 misslohahhuat misskitty they mountain man they living in uncivilised world inaddition living in prison they any how possesse meditation on publics,,,0.75,2022-07-04 23:09:20+00:00,2022-11-18 13:21:54,2022-12-08 13:12:52
9,13403,"John
Pallelai bedokwalk no 49.misskitty  monks  he is using meditation.he control fom faraway at the tenple.whatever he do inside u body meditation can be done.u lefthand.and teeth verypainful.misslohahhuat also do https://t.co/o39cGKImpE we use method to https://t.co/9pa9Jm4INc",john pallelai bedokwalk no 49 misskitty monks he is using meditation he control fom faraway at the tenple whatever he do inside u body meditation can be done u lefthand and teeth verypainful misslohahhuat also do we use method to,,,0.7948717948717948,2022-05-16 23:51:44+00:00,2022-11-18 13:21:56,2022-12-08 13:40:34
10,2199,"@dhiasyaf_ @Ashsukamakan Boleh cuba Samsung S21 Ultra, sample moon shot  100x zoom ada di media saya ‚úåÔ∏è. Sangat2 puas hati sumpah x tipu",boleh cuba samsung s21 ultra sample moon shot 100x zoom ada di media saya sangat2 puas hati sumpah x tipu,some_english,,0.7647058823529411,2022-01-23 21:55:10+00:00,2022-11-18 13:22:09,2022-12-08 13:43:41
11,4825,Di ko ya mag jowa for a clout. Katalaka puro jowa2,di ko ya mag jowa for a clout katalaka puro jowa2,not_english,some_english,0.7,2022-02-19 23:12:25+00:00,2022-11-18 13:22:12,2022-12-08 13:10:14
12,19454,Kwarta lang man gali problema.. Hahah mole removal pa gani. Daw nag limpyo man ang guya ko hahaha,kwarta lang man gali problema hahah mole removal pa gani daw nag limpyo man ang guya ko hahaha,not_english,some_english,0.7222222222222222,2022-07-15 23:08:22+00:00,2022-11-18 13:22:16,2022-12-08 11:13:23
13,11591,"@Sarcasm81147883 @TheScienceRiot @McGregorRousey @Canelo If you're trying to convince me of Khabib's popularity in a pre-Conor era, you're just plain delusional.",if youre trying to convince me of khabibs popularity in a pre conor era youre just plain delusional,non_standard_english,full_standard_english,0.7777777777777778,2022-04-27 22:08:15+00:00,2022-11-18 13:22:26,2022-12-08 13:43:33
14,13298,"@HappyDogSmiling Je sais pas, mais je reste que 3 mois et j'ai une assurance maladie",je sais pas mais je reste que 3 mois et jai une assurance maladie,not_english,not_english,0.7692307692307693,2022-05-14 22:52:15+00:00,2022-11-18 13:22:29,2022-12-08 11:13:35
15,11843,"John
Pallelai bedokwalk no49.misskitty.misslohahhuat u from faraway mk
misskitty u speak of others deity violated my religion freedom the temple commitees and u misskitty.misslohahhuat and siva have to take responsibility.",john pallelai bedokwalk no49 misskitty misslohahhuat u from faraway mk misskitty u speak of others deity violated my religion freedom the temple commitees and u misskitty misslohahhuat and siva have to take responsibility,,,0.71875,2022-04-30 23:07:51+00:00,2022-11-18 13:22:33,2022-12-08 11:15:32
16,3471,Bercakap itu adalah satu doa. This places i wish to go. I never stop asking for it. Let divine provisions and time determine everything. InshaAllah. Amin amin ya rabbal al‚Äôaminn,bercakap itu adalah satu doa this places i wish to go i never stop asking for it let divine provisions and time determine everything inshaallah amin amin ya rabbal alaminn,code-switched,code-switched,0.7333333333333333,2022-02-05 22:30:13+00:00,2022-11-18 13:22:42,2022-12-08 11:12:35
17,19695,"@Deathrocker76 @PatsKarvelas Wrong. Singapore does approx 4,500 PCR/day and 24,000 ART/day. NSW alone does 28,000 PCR/day on average last 7 days",wrong singapore does approx 4500 pcrday and 24000 artday nsw alone does 28000 pcrday on average last 7 days,non_standard_english,not-syntactic_standard_english,0.7333333333333333,2022-07-17 22:57:31+00:00,2022-11-18 13:22:49,2022-12-08 13:40:23
18,10699,"Reignwood Hamilton Scotts
Address: 37 Scotts Road
Tenure: Freehold
Top:June 2012
https://t.co/uzsSjWolhr https://t.co/cpwHeonyhn",reignwood hamilton scotts address 37 scotts road tenure freehold topjune 2012,,,0.7777777777777778,2022-04-18 22:44:05+00:00,2022-11-18 13:23:10,2022-12-08 11:30:43
19,16329,"John
Pallelai bedokwalk no49.misskitty.misslohahhuat stubborn u became daring anyhow do meditation om publics now u changellenge me go to police.john patience.",john pallelai bedokwalk no49 misskitty misslohahhuat stubborn u became daring anyhow do meditation om publics now u changellenge me go to police john patience,,,0.782608695652174,2022-06-14 23:38:12+00:00,2022-11-18 13:23:12,2022-12-08 13:45:15
20,8291,La fa√ßon dont la go l‚Äôa regard√© ? Elle √©tait en mode ¬´¬†il se rel√®ve √† quel moment ?¬†¬ª üíÄ,la fa√ßon dont la go la regard√© elle √©tait en mode il se rel√®ve √† quel moment,not_english,not_english,0.7058823529411765,2022-03-25 20:03:15+00:00,2022-11-18 13:23:24,2022-12-08 13:06:40
21,11875,"Configuring ipV6 my home network for Internet of Things. X sabar nak beli @Raspberry_Pi lps raya.
Selamat Hari Raya. Maaf Zahir &amp; Batin 

#ipv6 
#EidUlFitr https://t.co/XalhAvL0aa",configuring ipv6 my home network for internet of things x sabar nak beli lps raya selamat hari raya maaf zahir and batin,code-switched,not-syntactic_standard_english,0.7619047619047619,2022-04-30 22:18:10+00:00,2022-11-18 13:23:33,2022-12-08 11:15:15
22,23570,"John
Pallelai bedokwalk no49.misslohahhuat and misskitty u masturbates for victims.this is john write from articler.this is truth.who write the articles for them.",john pallelai bedokwalk no49 misslohahhuat and misskitty u masturbates for victims this is john write from articler this is truth who write the articles for them,,,0.76,2022-08-25 23:04:57+00:00,2022-11-18 13:23:35,2022-12-08 13:12:32
23,2347,"Baka yung ""BREAK RECORD"" sa mga headlines bigdeal na nman po sa kanilaüò≠

BAZINGA 7HIS IS MY LEGACY
@SB19Official #SB19
#SB19LeadsBillboardHTS

Listen to #Bazinga_SB19",baka yung break record sa mga headlines bigdeal na nman po sa kanila bazinga 7his is my legacy listen to,code-switched,code-switched,0.7368421052631579,2022-01-25 23:22:38+00:00,2022-11-18 13:23:44,2022-12-08 13:13:06
24,16292,"If you‚Äôre not already watching Ryan‚Äôs series on YT, I‚Äôd recommend checking it out.",if youre not already watching ryans series on yt id recommend checking it out,non_standard_english,non_standard_english,0.7857142857142857,2022-06-13 22:20:04+00:00,2022-11-18 13:23:50,2022-12-08 13:10:20
25,16701,"John
Pallelai bedokwalk no49.misslohaat.miss.unknown mlnks i john just taken it from pali texts anf commentarities this is from credible authority",john pallelai bedokwalk no49 misslohaat miss unknown mlnks i john just taken it from pali texts anf commentarities this is from credible authority,,,0.7272727272727273,2022-06-18 23:59:08+00:00,2022-11-18 13:23:52,2022-12-08 13:08:40
26,2223,"Its a day. Haihhh nervous sia nk tahu result üò©üò©. Kadang mulut aku ni masin, kalau aku ckp A, result dia pun A. Tp aku harap tak lah. Hmmmmm hope semua ye okay. üí™üèºüí™üèº",its a day haihhh nervous sia nk tahu result kadang mulut aku ni masin kalau aku ckp a result dia pun a tp aku harap tak lah hmmmmm hope semua ye okay,code-switched,some_english,0.71875,2022-01-24 23:34:59+00:00,2022-11-18 13:23:58,2022-12-08 13:42:59
27,3179,"bros, i need ideas for youtube, drop some if you got some ‚ù§Ô∏è that‚Äôs pulau ubin, looking smexy #twitchfreejidion  #Help https://t.co/s3hPFchCqw",bros i need ideas for youtube drop some if you got some thats pulau ubin looking smexy,non_standard_english,non_standard_english,0.7647058823529411,2022-02-02 22:06:01+00:00,2022-11-18 13:24:18,2022-12-08 13:45:34
28,12523,"Mahirap daw sya paiyakin. The last time she cried was when his husband died. This could be tears of joy. Happy mother‚Äôs day @lenirobredo Ipapanalo namin kayo ni Sen Kiko! 

#PilipinasIsPink 
#IbotoNa10Pilipinas 
#LeniKikoAllTheWay https://t.co/IwO3PdfGx0",mahirap daw sya paiyakin the last time she cried was when his husband died this could be tears of joy happy mothers day ipapanalo namin kayo ni sen kiko,code-switched,code-switched,0.7931034482758621,2022-05-07 23:41:33+00:00,2022-11-18 13:24:27,2022-12-08 13:09:22
29,2700,@food_blogger Famous kkm in Bukit Panjang that is a supper spot. Operates from 4am - 2:30pm.... https://t.co/dDthJBq7rN,famous kkm in bukit panjang that is a supper spot operates from 4am 230pm,non_standard_english,non_standard_english,0.75,2022-01-28 22:44:31+00:00,2022-11-18 13:24:41,2022-12-08 11:14:40
30,21954,@ElishBulGodley @Padsky Yup.  But it‚Äôs breakfast time so opting for roti prata.  Nothing beats hot roti and curry for breakfast.,yup but its breakfast time so opting for roti prata nothing beats hot roti and curry for breakfast,non_standard_english,non_standard_english,0.7777777777777778,2022-08-09 23:27:31+00:00,2022-11-18 13:24:45,2022-12-08 13:47:38
31,11073,@gesangnurh ...dan aku termasuk orang-orang yang saleh.‚Äù (QS. Al-Munafiqun: 10).,dan aku termasuk orang orang yang saleh qs al munafiqun 10,not_english,not_english,0.7,2022-04-22 22:36:40+00:00,2022-11-18 13:24:54,2022-12-08 13:07:21
32,661,"AYYYOOOOOO !! You look like you need some Swavycustoms SO TAPN and LETS GET IT GOING!!!! üòàüòàüòàüòàü§ûüèΩü§ûüèΩ
#SWAVY @ Krusty Krab - Bikini Bottom https://t.co/BtkqaVg0VL",ayyyoooooo you look like you need some swavycustoms so tapn and lets get it going krusty krab bikini bottom,non_standard_english,non_standard_english,0.7368421052631579,2022-01-08 21:43:20+00:00,2022-11-18 13:25:06,2022-12-08 13:46:59
33,15969,"Yung pinaka ayaw ko sa lahat,yung sina silent treatment ako. Overthinker na nga ako gaganunin mo pa.  ‚ùå",yung pinaka ayaw ko sa lahatyung sina silent treatment ako overthinker na nga ako gaganunin mo pa,some_english,some_english,0.7058823529411765,2022-06-10 22:53:42+00:00,2022-11-18 13:25:15,2022-12-08 13:10:24
34,11894,@Atitty_ Absolutely. Rather rekt by slow TPS over eth gas all day!,absolutely rather rekt by slow tps over eth gas all day,non_standard_english,non_standard_english,0.7272727272727273,2022-04-30 21:36:04+00:00,2022-11-18 13:25:24,2022-12-08 13:49:08
35,19746,"John
Pallelai bedokwalk no49.misslohahhuat troubled  u know what is human dinity.u breach every human dinity.pallelai bedokwalk u must call overseas monks to treat the victims of meditation of mind and body.",john pallelai bedokwalk no49 misslohahhuat troubled u know what is human dinity u breach every human dinity pallelai bedokwalk u must call overseas monks to treat the victims of meditation of mind and body,,,0.7878787878787878,2022-07-18 23:37:26+00:00,2022-11-18 13:25:27,2022-12-08 13:12:45
36,19979,John.pallelai bedokwalk no48 miss lohahhuat u stubborn describes as obstinate:difficult to handle or work with and rebellious as resisting control;resisting correction unruly;refusing to follow orninary guidelines.both of defination describes me.,john pallelai bedokwalk no48 miss lohahhuat u stubborn describes as obstinatedifficult to handle or work with and rebellious as resisting controlresisting correction unrulyrefusing to follow orninary guidelines both of defination describes me,,,0.7419354838709677,2022-07-20 23:07:52+00:00,2022-11-18 13:25:30,2022-12-08 13:13:14
37,20586,"John
Pallelai bedokwalk no49.misslohahhuat stubbornesa john is watching the youthtube one police after reading the classified letter she burn letters.misslohahhuat u are stupid dont think u clever saf people much clever than misslohahhuat.letter commitee members to complain?",john pallelai bedokwalk no49 misslohahhuat stubbornesa john is watching the youthtube one police after reading the classified letter she burn letters misslohahhuat u are stupid dont think u clever saf people much clever than misslohahhuat letter commitee members to complain,,,0.7692307692307693,2022-07-26 22:49:02+00:00,2022-11-18 13:25:35,2022-12-08 13:49:38
38,1354,"Page 16 of 365

Hi there...
Im still here...
Like before...
But,ill use anothers atittude now.",page 16 of 365 hi there im still here like before butill use anothers atittude now,non_standard_english,non_standard_english,0.7857142857142857,2022-01-15 22:22:30+00:00,2022-11-18 13:25:43,2022-12-08 13:06:43
39,8050,"@mufaddal_vohra Looks like nurse ka dress lekar sponsor logos chipkadiya. Opposition will be so distracted by jersey, ek doh wkt aisey hi miljayengey #IPL2022",looks like nurse ka dress lekar sponsor logos chipkadiya opposition will be so distracted by jersey ek doh wkt aisey hi miljayengey,code-switched,code-switched,0.7272727272727273,2022-03-23 23:17:00+00:00,2022-11-18 13:25:55,2022-12-08 13:10:43
40,23720,"YangGallery | Contemporary Artworld!

„Ää‰Ω†ÊòØÊàëÁöÑËØóÁØá„Äã 40√ó23.5√ó21.5cm / Bronze / 2015

Visit us: 581 Orchard Road #01-11, VoCo Orchard Singapore https://t.co/Yb4ULPkSir",yanggallery contemporary artworld 40√ó23 5√ó21 5cm bronze 2015 visit us 581 orchard road 11 voco orchard singapore,,,0.7272727272727273,2022-08-27 23:40:45+00:00,2022-11-18 13:27:11,2022-12-08 13:09:16
41,18038,"John
Pallelai bedokwalk no49.missloh.misskitty stubborn excuse from mistake blame others use that keep them from god",john pallelai bedokwalk no49 missloh misskitty stubborn excuse from mistake blame others use that keep them from god,,,0.7647058823529411,2022-07-01 23:35:29+00:00,2022-11-18 13:27:14,2022-12-08 13:09:29
42,8627,@sejoalzir Wag kang mg alala sent nmin to kay inday at ng mkita mo sagot mo,wag kang mg alala sent nmin to kay inday at ng mkita mo sagot mo,not_english,not_english,0.7333333333333333,2022-03-29 23:34:16+00:00,2022-11-18 13:27:17,2022-12-08 13:41:32
43,21516,"John
Pallelai bedokwalk no49.misslohahhuat and misskitty stubborness impatience is fruit pride.a proud person cannot seem to wait for anyrhing with proper attidude.u use meditation on publics.the meditation use very fast .vivtims walk https://t.co/6IAjBD8qKB thing fast",john pallelai bedokwalk no49 misslohahhuat and misskitty stubborness impatience is fruit pride a proud person cannot seem to wait for anyrhing with proper attidude u use meditation on publics the meditation use very fast vivtims walk thing fast,,,0.7837837837837838,2022-08-05 23:51:34+00:00,2022-11-18 13:27:20,2022-12-08 13:46:05
44,9403,"Pag uusapan ka talaga when you‚Äôre
no longer beneficial to their life no? Buti na lang di ganyan friends ko. Relatives ko oo..ü§£",pag uusapan ka talaga when youre no longer beneficial to their life no buti na lang di ganyan friends ko relatives ko oo,code-switched,code-switched,0.7391304347826086,2022-04-06 23:57:59+00:00,2022-11-18 13:27:24,2022-12-08 11:16:15
45,5637,"and i noticed i never called my friend ""sayanggggg"" or ""thankyou sayangggg saya"" or anything manja gedik gitu üòÇüòÇ",and i noticed i never called my friend sayanggggg or thankyou sayangggg saya or anything manja gedik gitu,code-switched,code-switched,0.7222222222222222,2022-02-27 23:34:51+00:00,2022-11-18 13:27:30,2022-12-08 13:09:00
46,23393,@HamidMirPAK Wo tho Roosevelt ko apni property kerne  me Masroor hai thru Qatar,wo tho roosevelt ko apni property kerne me masroor hai thru qatar,code-switched,not_english,0.75,2022-08-23 22:41:21+00:00,2022-11-18 13:27:42,2022-12-08 13:14:00
47,12993,"Me: let us skip to the good part....
Friends: -sing- ah....ahhhhhh-ahhhh-ahhhh_!",me let us skip to the good part friends sing ah ahhhhhh ahhhh ahhhh,non_standard_english,non_standard_english,0.7857142857142857,2022-05-11 23:01:20+00:00,2022-11-18 13:27:47,2022-12-08 13:44:52
48,11549,Just posted a photo @ Joo Chiat Peranakan &amp; Eurasian Heritage Neighbourhood https://t.co/kO9R35O3Yl,just posted a photo joo chiat peranakan and eurasian heritage neighbourhood,not-syntactic_standard_english,,0.7272727272727273,2022-04-27 23:11:47+00:00,2022-11-18 13:28:00,2022-12-08 13:44:25
49,18816,With Singapore award winning film maker Mr Saleem Hadi @ Singapore / Singapura / Êñ∞Âä†Âù° / ‡Æö‡Æø‡Æô‡Øç‡Æï‡Æ™‡Øç‡Æ™‡ØÇ‡Æ∞‡Øç https://t.co/KKX3S5eNWp,with singapore award winning film maker mr saleem hadi singapore singapura,,,0.7272727272727273,2022-07-09 23:43:54+00:00,2022-11-18 13:28:53,2022-12-08 11:13:30
50,21174,"Maipon and travel.. travel makes you realize a lot of things. It will change your perspective in life. Kadako sang kalibutan para mag stick ka sa mga wla pulos nga tao,mag cge chismis sang kabuhi sang iban. Then it motivates you to earn more,so Go out from your shell.",maipon and travel travel makes you realize a lot of things it will change your perspective in life kadako sang kalibutan para mag stick ka sa mga wla pulos nga taomag cge chismis sang kabuhi sang iban then it motivates you to earn moreso go out from your shell,code-switched,code-switched,0.7755102040816326,2022-08-01 23:26:43+00:00,2022-11-18 13:29:00,2022-12-08 13:08:37
51,16524,"Faham tak, dah halfway nak sampai office, baru perasan hp tertinggal ü•∫üò™",faham tak dah halfway nak sampai office baru perasan hp tertinggal,some_english,some_english,0.7272727272727273,2022-06-16 23:49:27+00:00,2022-11-18 13:29:07,2022-12-08 13:50:38
52,5801,Sahod day today! Pila nalang bilin japon allowance ko..ü•¥ it's okay I look broke Basta di broke Ang bank account ko..kahit papano.(sigh),sahod day today pila nalang bilin japon allowance ko its okay i look broke basta di broke ang bank account ko kahit papano sigh,code-switched,code-switched,0.75,2022-03-01 23:59:51+00:00,2022-11-18 13:29:18,2022-12-08 13:12:38
53,24078,"The Colours of Life - Salam Kemerdekaan ke-65 2022 dari kami sekeluarga. #keluargamalaysiateguhbersama https://t.co/xq0xRrAq0I

--- 
#mknaceunlimited #mknace #thecoloursoflife",the colours of life salam kemerdekaan ke 65 2022 dari kami sekeluarga,,,0.7,2022-08-30 23:15:03+00:00,2022-11-18 13:29:25,2022-12-08 13:44:22
54,1850,"Try to listen BAZINGA while tweeting. U can feel your thumb kicking ahahhaa

BAZINGA 4M VIEWS
@SB19Official #SB19
#SB19Bazinga4MViews 

Stream #Bazinga_SB19",try to listen bazinga while tweeting u can feel your thumb kicking ahahhaa bazinga 4m views stream,non_standard_english,non_standard_english,0.75,2022-01-20 23:23:42+00:00,2022-11-18 13:29:32,2022-12-08 13:46:24
55,20215,"John
Pallelai bedokwalk no49.misskitty u stubborness u use meditation to do me dowsly .u make me fallen in katong bus stop.",john pallelai bedokwalk no49 misskitty u stubborness u use meditation to do me dowsly u make me fallen in katong bus stop,,,0.7142857142857143,2022-07-23 23:43:37+00:00,2022-11-18 13:29:35,2022-12-08 13:46:12
56,8842,"Kabudlay mag budget,wala pako ka audit sang mga expenses ko this month. Over spending ba ko?",kabudlay mag budgetwala pako ka audit sang mga expenses ko this month over spending ba ko,some_english,some_english,0.75,2022-03-31 23:26:25+00:00,2022-11-18 13:29:45,2022-12-08 13:41:28
57,5144,NASA 38 na Ang rate .hope mag taas pa.. kaluy an. Tag 800$ tani maipon ko a month bah..kung di lang gasto gid..sa load palang abi wla na.,nasa 38 na ang rate hope mag taas pa kaluy an tag 800 tani maipon ko a month bah kung di lang gasto gid sa load palang abi wla na,not_english,some_english,0.7142857142857143,2022-02-22 23:26:08+00:00,2022-11-18 13:29:49,2022-12-08 11:16:00
58,4183,I heard ‚Äúkurotul qodam FIFA‚Äù from stadium announcer lollll and that‚Äôs all I can understand,i heard kurotul qodam fifa from stadium announcer lollll and thats all i can understand,code-switched,code-switched,0.7333333333333333,2022-02-12 19:26:15+00:00,2022-11-18 13:31:19,2022-12-08 13:51:06
59,18496,"Kahit papano, na excite din ako kunin mamaya ang glasses ko. A little gift for myself.",kahit papano na excite din ako kunin mamaya ang glasses ko a little gift for myself,code-switched,code-switched,0.75,2022-07-05 22:37:13+00:00,2022-11-18 13:31:24,2022-12-08 13:07:43
60,7188,"Heyy, nak transfer solvent pon problem.. abb problem, pump probelm, alarm x boleh acknowledge ü•¥",heyy nak transfer solvent pon problem abb problem pump probelm alarm x boleh acknowledge,some_english,code-switched,0.7857142857142857,2022-03-14 22:36:16+00:00,2022-11-18 13:31:38,2022-12-08 13:07:38
61,11682,WOY JOHNNY LIVE IG 41 MENIT YANG LALU DAN W KETINGGALAN,woy johnny live ig 41 menit yang lalu dan w ketinggalan,not_english,some_english,0.7,2022-04-28 22:54:56+00:00,2022-11-18 13:33:27,2022-12-08 13:46:45
62,16251,"John
Pallelai bedokwalk no49.misslohahhuat misskitty..siva u use meditation on publics they are drowsy https://t.co/NpIOdyQJ11 https://t.co/WxZqTvTjpb trance in dreaming",john pallelai bedokwalk no49 misslohahhuat misskitty siva u use meditation on publics they are drowsy trance in dreaming,,,0.7647058823529411,2022-06-13 23:06:31+00:00,2022-11-18 13:33:32,2022-12-08 13:10:09
63,7844,"We don't know how much time we have.. 
a short time may come... 
Let's make good moments together..
Satu hal yang perlu di ketahui...
Aku tidak pernah menyesal sekalipun dalam hidup ini,mengenal KAlian seMUa.",we dont know how much time we have a short time may come lets make good moments together satu hal yang perlu di ketahui aku tidak pernah menyesal sekalipun dalam hidup inimengenal kalian semua,code-switched,code-switched,0.7058823529411765,2022-03-21 23:13:08+00:00,2022-11-18 13:33:49,2022-12-08 13:09:26
64,12080,"So, utk 1st day di Temasek, meols terjah:
1Ô∏è‚É£Gardens By The Bay
2Ô∏è‚É£Sands Sky Park
3Ô∏è‚É£Muzeum of Ice Cream
4Ô∏è‚É£Kampong Gelam
5Ô∏è‚É£Merlion Park",so utk 1st day di temasek meols terjah 1gardens by the bay 2sands sky park 3muzeum of ice cream 4kampong gelam 5merlion park,some_english,some_english,0.7058823529411765,2022-05-02 22:38:38+00:00,2022-11-18 13:34:42,2022-12-08 13:41:43
65,8637,Ayaw ni inday sa RO-SA POü§£ü§£ nag salita na xa about jan wag bobo,ayaw ni inday sa ro sa po nag salita na xa about jan wag bobo,not_english,not_english,0.7333333333333333,2022-03-29 23:30:32+00:00,2022-11-18 13:34:45,2022-12-08 13:48:19
66,5161,Kung Ara ko ni sa Balay..nmi magkape kag yosi while ga pa sounds bah..Lalo na may videokihan na .,kung ara ko ni sa balay nmi magkape kag yosi while ga pa sounds bah lalo na may videokihan na,some_english,some_english,0.7,2022-02-22 23:19:21+00:00,2022-11-18 13:34:57,2022-12-08 13:42:54
67,20771,"John
Paklelai bedokwalk no49.misslohahhuat pakchee everythings in to busy apeech from faraway what ever.john dont listen to u misslohahhuat suppose to follow me.the bilble is active.listen dont understand so that victims can critizes u.",john paklelai bedokwalk no49 misslohahhuat pakchee everythings in to busy apeech from faraway what ever john dont listen to u misslohahhuat suppose to follow me the bilble is active listen dont understand so that victims can critizes u,,,0.7567567567567568,2022-07-28 23:14:53+00:00,2022-11-18 13:35:01,2022-12-08 13:11:42
68,1831,What if pag Bugtaw ko sa pinas na ko..üòÅ haysss I miss home! https://t.co/xGNUCc0Tzh,what if pag bugtaw ko sa pinas na ko haysss i miss home,code-switched,code-switched,0.7692307692307693,2022-01-20 23:38:41+00:00,2022-11-18 13:35:05,2022-12-08 13:06:50
69,702,"Search ‚úç typing ""chelsea transfer"". Since 011221 until 100122. Everything¬†that¬†pops up¬†merely¬†the rumours
 or chelsea players end contract üòû",search typing chelsea transfer since 011221 until 100122 everythingthatpops upmerelythe rumours or chelsea players end contract,non_standard_english,non_standard_english,0.7142857142857143,2022-01-09 23:57:57+00:00,2022-11-18 13:37:29,2022-12-08 13:08:17
70,6059,"Lord ipalayo ko sa mga tao ,Bagay, situations nga di ko man kontrolado. Kay no matter how I try to keep them. Kadali lang man sa ila madula sakon. ü•∫üôè",lord ipalayo ko sa mga tao bagay situations nga di ko man kontrolado kay no matter how i try to keep them kadali lang man sa ila madula sakon,code-switched,code-switched,0.7586206896551724,2022-03-03 22:59:52+00:00,2022-11-18 13:37:34,2022-12-08 13:08:47
71,13422,"John
Pallelai bedokwalk no 49..misskitty.misslohahhahuat siva whole page of write up is written by victims.",john pallelai bedokwalk no 49 misskitty misslohahhahuat siva whole page of write up is written by victims,,,0.75,2022-05-16 23:44:16+00:00,2022-11-18 13:37:39,2022-12-08 11:13:37
72,10233,"If last year dark blue , this year i sama dengan u . 

Jadi x pantun ? Hahah",if last year dark blue this year i sama dengan u jadi x pantun hahah,code-switched,code-switched,0.7333333333333333,2022-04-14 23:30:31+00:00,2022-11-18 13:37:44,2022-12-08 13:09:14
73,15067,Keep those friends who supported you completely even you had no money nor title. Wag tayo  dun  sa andyan lang pag  puro lang saya. Nawawala pag ikaw yung nangangailangan.,keep those friends who supported you completely even you had no money nor title wag tayo dun sa andyan lang pag puro lang saya nawawala pag ikaw yung nangangailangan,code-switched,code-switched,0.7241379310344828,2022-06-01 23:14:09+00:00,2022-11-18 13:38:05,2022-12-08 13:48:52
74,21158,Siguro kung ok lang health sang mama ko..e consider ko gid magpa Europe. makapatindog siguro ko sang own house ko. Now I have to think tanan Ang mga possible matabo sa iya. Set aside tanan Haysss. Hirap din Isa ka lang anak. All the responsibilities imu.,siguro kung ok lang health sang mama ko e consider ko gid magpa europe makapatindog siguro ko sang own house ko now i have to think tanan ang mga possible matabo sa iya set aside tanan haysss hirap din isa ka lang anak all the responsibilities imu,code-switched,code-switched,0.7872340425531915,2022-08-01 23:35:18+00:00,2022-11-18 13:38:31,2022-12-08 13:46:53
75,5293,Ehhh‚Ä¶. Why lahh? Why you body shape is like one shopee delivery box hah?,ehhh why lahh why you body shape is like one shopee delivery box hah,non_standard_english,non_standard_english,0.7857142857142857,2022-02-23 22:58:26+00:00,2022-11-18 13:38:37,2022-12-08 13:48:25
76,3449,"Bakit di kapa nagjojowa?
me: financially unstable,mentally unstable,trust issues, overthinking and anxiety. D pa heal totally. Baka d na nga..forever and ever..amenü§£ https://t.co/1jbVTuifB1",bakit di kapa nagjojowa me financially unstablementally unstabletrust issues overthinking and anxiety d pa heal totally baka d na nga forever and ever amen,code-switched,code-switched,0.7916666666666666,2022-02-05 23:01:53+00:00,2022-11-18 13:38:47,2022-12-08 13:45:07
77,12839,"John
Pallelai bedokwalk no49.misskitty.misslohahhuat take responsibity for my leg .my hand.whole body https://t.co/rWMpoEvQYZ teeth.i  has warn u to treatened it was real",john pallelai bedokwalk no49 misskitty misslohahhuat take responsibity for my leg my hand whole body teeth i has warn u to treatened it was real,,,0.75,2022-05-10 23:28:26+00:00,2022-11-18 13:38:49,2022-12-08 13:49:22
78,13158,Puyat kaka scroll hahaha at kaka examine ng conscience .plus anxiety attack. Minsan na ttrigger pa..üòÇ jusko patuloy parin tayo. May mama pa ako. https://t.co/R2g5uqxAS1,puyat kaka scroll hahaha at kaka examine ng conscience plus anxiety attack minsan na ttrigger pa jusko patuloy parin tayo may mama pa ako,code-switched,code-switched,0.7083333333333334,2022-05-13 23:14:37+00:00,2022-11-18 13:38:56,2022-12-08 13:50:30
79,2918,Anhon ko ang hong bao ko man? E save or ibakal shoes?üòÅ,anhon ko ang hong bao ko man e save or ibakal shoes,some_english,some_english,0.75,2022-01-31 23:38:21+00:00,2022-11-18 13:39:11,2022-12-08 13:13:45
80,15651,"Masyadong advance ang Singapore.. By 2030 5 mins nalang daw dapat ang byahe sang employees using MRT. at dahil kulang sila now sa mga staffs lalo na sa mga F&amp;B , robot na galuto omelette diri. Even mag serve sang coffee. Can't imagine sang life diri next 10yrs. As in wow!",masyadong advance ang singapore by 2030 5 mins nalang daw dapat ang byahe sang employees using mrt at dahil kulang sila now sa mga staffs lalo na sa mga fandb robot na galuto omelette diri even mag serve sang coffee cant imagine sang life diri next 10yrs as in wow,code-switched,code-switched,0.723404255319149,2022-06-07 23:27:17+00:00,2022-11-18 13:39:22,2022-12-08 13:45:48
81,12098,"Photo credited to @kosquids 

Yamashita EGI-OH LIVE Squid Jig 2.5 10g for $12.80. Get it on Shopee now! https://t.co/B1BHfJHPW9 @ E-Waves Fishbyte Pte Ltd https://t.co/6YyIH2CPRL",photo credited to yamashita egi oh live squid jig 2 5 10g for 12 80 get it on shopee now e waves fishbyte pte ltd,,,0.7,2022-05-02 22:15:00+00:00,2022-11-18 13:39:50,2022-12-08 13:10:07
82,12801,"John
Pallelai bedokwalk no49.misslohahhuat say he want destroy wat poh years ago.",john pallelai bedokwalk no49 misslohahhuat say he want destroy wat poh years ago,,,0.75,2022-05-10 23:59:51+00:00,2022-11-18 13:39:59,2022-12-08 13:50:23
83,19926,@RajeshJaney @twi_age Yeh apne aap likh diya!! I saw it when folks were liking it or commenting!!,yeh apne aap likh diya i saw it when folks were liking it or commenting,code-switched,code-switched,0.7333333333333333,2022-07-20 23:43:39+00:00,2022-11-18 13:40:04,2022-12-08 13:49:33
84,15889,Its a choice.. Sa pinas lang may ganyang mindset. When you're single they think you're sad.üòÇ‚ò∫Ô∏è https://t.co/QXJBBFceiq,its a choice sa pinas lang may ganyang mindset when youre single they think youre sad,code-switched,code-switched,0.75,2022-06-09 22:57:10+00:00,2022-11-18 13:40:13,2022-12-08 13:09:55
85,9181,"Sa sobra ka pili ,wala sang may nabakal. Haha ang gasto ko yesterday nagkadto tanan sa foods kag sa taxi ko.üòÇ https://t.co/8lrppE2HVH",sa sobra ka pili wala sang may nabakal haha ang gasto ko yesterday nagkadto tanan sa foods kag sa taxi ko,some_english,some_english,0.7142857142857143,2022-04-03 22:43:16+00:00,2022-11-18 13:40:18,2022-12-08 13:10:29
86,10394,"O CS Madeira recebeu esta noite o Santa Cruz SC e ganhou 3-0 (25-13; 25-15; 25-21).

#voleibolmadeira #avmadeira #voleibol
üì∏ N√©lson Martins https://t.co/Ny3ihnLRHp",o cs madeira recebeu esta noite o santa cruz sc e ganhou 3 0 25 13 25 15 25 21 n√©lson martins,not_english,,0.7857142857142857,2022-04-15 22:27:51+00:00,2022-11-18 13:40:25,2022-12-08 13:13:30
87,22479,"In Gods will ah . Mapa Europe man ko. For now, Mama's health anai Ang priority ko. Mapuli kag alagaan sya.. now ko lang ma feel Ang love ni G! Damo damo options kag opportunities. üôè‚ù§Ô∏è",in gods will ah mapa europe man ko for now mamas health anai ang priority ko mapuli kag alagaan sya now ko lang ma feel ang love ni g damo damo options kag opportunities,code-switched,code-switched,0.7352941176470589,2022-08-14 23:10:08+00:00,2022-11-18 13:40:40,2022-12-08 13:49:29
88,11257,Kahapon ko lang na https://t.co/9Og49qAdjN nga force feeding tong mga whales sa oslob...ahai kaluoy man. Just to take pictures ang mga tao need nila e force feeding.. Di manami! Nadula man interest ko mag explore didto.,kahapon ko lang na nga force feeding tong mga whales sa oslob ahai kaluoy man just to take pictures ang mga tao need nila e force feeding di manami nadula man interest ko mag explore didto,code-switched,some_english,0.7222222222222222,2022-04-24 23:28:49+00:00,2022-11-18 13:40:50,2022-12-08 13:41:38
89,18618,"John
Pallelai bedokwalk no 49.misslohahhuat stubborn speech from faraway misslohahuat know my army administration system.",john pallelai bedokwalk no 49 misslohahhuat stubborn speech from faraway misslohahuat know my army administration system,,,0.7333333333333333,2022-07-07 23:47:42+00:00,2022-11-18 13:40:53,2022-12-08 13:44:45
90,11710,"Hoy, never beg anyone for anything. not time, not attention, not love, not nothing. Hayaan mong sila ang magkusang ibigay yan. Maghintay nalang tayo while building ourselves.",hoy never beg anyone for anything not time not attention not love not nothing hayaan mong sila ang magkusang ibigay yan maghintay nalang tayo while building ourselves,code-switched,code-switched,0.7407407407407407,2022-04-29 23:49:57+00:00,2022-11-18 13:41:55,2022-12-08 13:50:05
91,12443,"John
Pallelai bedokwalk no49.misskitty.misslohahhuat shameful john seektreament in the temple the four monks are chanting invisible on me.both monks from pallelai do the samething on me and others.thia second photo i has tweet. https://t.co/PjxbJBEnf1",john pallelai bedokwalk no49 misskitty misslohahhuat shameful john seektreament in the temple the four monks are chanting invisible on me both monks from pallelai do the samething on me and others thia second photo i has tweet,,,0.7777777777777778,2022-05-06 23:30:51+00:00,2022-11-18 13:41:58,2022-12-08 13:09:03
92,6349,I have to take responsible sang money ko! üòî Wala ko may nafeel Bisan ano. pero d pwede nga amhun ko Sina! Tanan nga pag value nahatag ko na .respeto man a!,i have to take responsible sang money ko wala ko may nafeel bisan ano pero d pwede nga amhun ko sina tanan nga pag value nahatag ko na respeto man a,some_english,some_english,0.7096774193548387,2022-03-06 23:09:15+00:00,2022-11-18 13:42:49,2022-12-08 13:50:21
93,3452,Ipunan ko pa ang ink ko pra ma fullsleeve nagid ning Arm ko. How about July? Schedule ko na mapadla savings ahoooy,ipunan ko pa ang ink ko pra ma fullsleeve nagid ning arm ko how about july schedule ko na mapadla savings ahoooy,some_english,code-switched,0.7272727272727273,2022-02-05 22:58:36+00:00,2022-11-18 13:42:56,2022-12-08 11:12:57
94,9409,"üîõ Our HTH record against Tanjong Pagar United 

#allhandsondeck
#lioncitysailors
#20202021
@lcsfamily.sg
#LCSForAll
#lcsfamily
#LCSFamily 

Image credit to Lion City Sailors Family @ Jalan Besar Stadium https://t.co/UkvoUBZdSN",our hth record against tanjong pagar united sg image credit to lion city sailors family jalan besar stadium,,non_standard_english,0.7777777777777778,2022-04-06 23:53:23+00:00,2022-11-18 13:43:09,2022-12-08 13:44:17
95,9705,Back again after a while üòÖ (@ Pejabat Kementerian Pelancongan Malaysia Negeri Johor w/ @slvtrnx) https://t.co/vTt8Gtk71Z,back again after a while pejabat kementerian pelancongan malaysia negeri johor w,non_standard_english,not-syntactic_standard_english,0.75,2022-04-09 23:50:24+00:00,2022-11-18 13:43:33,2022-12-08 11:15:45
96,22332,Di na ko mag hope may pulian pa ko nga bayo to or gamit. HAHAHA ma sapar lang daw ko sang Akon bayo diri,di na ko mag hope may pulian pa ko nga bayo to or gamit hahaha ma sapar lang daw ko sang akon bayo diri,not_english,some_english,0.75,2022-08-13 23:35:49+00:00,2022-11-18 13:44:06,2022-12-08 13:12:49
97,7736,"It's drizzling outside,I'm listening to my Spotify,while sipping my coffee..damn moment",its drizzling outsideim listening to my spotifywhile sipping my coffee damn moment,non_standard_english,non_standard_english,0.75,2022-03-20 23:23:36+00:00,2022-11-18 13:44:11,2022-12-08 13:13:49
98,14538,"Ang unto ko bala nga wala na braces, daw fake smile filter sa tiktok. Hahhaha yots! Daw posteso ang sa upper part..taympers ma smile ko anayüòÅ ü§£",ang unto ko bala nga wala na braces daw fake smile filter sa tiktok hahhaha yots daw posteso ang sa upper part taympers ma smile ko anay,some_english,some_english,0.7777777777777778,2022-05-27 23:17:25+00:00,2022-11-18 13:45:15,2022-12-08 13:08:53
99,14174,"Sometimes mapa smile nalang ko.. Pag may problema,stress or ano pa da nga difficulties. I just stay calm. Bisan probs pa sa work.  Chill na kaayo ko mag handle sina. Siguro nasanay na. 
I never expect amo ko sina ka strong.üòä",sometimes mapa smile nalang ko pag may problemastress or ano pa da nga difficulties i just stay calm bisan probs pa sa work chill na kaayo ko mag handle sina siguro nasanay na i never expect amo ko sina ka strong,code-switched,code-switched,0.7804878048780488,2022-05-23 22:51:33+00:00,2022-11-18 13:45:23,2022-12-08 13:46:18
100,21831,"It's a human curse...as cliche as it was but, nasa huli Lage Ang pagsisisi. Kaya be kind Tayo sa iba. ü§ü",its a human curse as cliche as it was but nasa huli lage ang pagsisisi kaya be kind tayo sa iba,code-switched,code-switched,0.7619047619047619,2022-08-08 23:35:33+00:00,2022-11-18 13:49:25,2022-12-08 13:46:10
101,13634,Selamat pagi semua. Tiber rasa nak vibes twitter yg dulu2 hehe,selamat pagi semua tiber rasa nak vibes twitter yg dulu2 hehe,not_english,some_english,0.7,2022-05-18 23:35:17+00:00,2022-11-18 13:49:28,2022-12-08 13:43:17
102,14043,@eubobzito nossa prima eu ia AMAR! saudade de voc√™ e da comidinha ‚ù§Ô∏è,nossa prima eu ia amar saudade de voc√™ e da comidinha,not_english,not_english,0.7272727272727273,2022-05-22 23:36:36+00:00,2022-11-18 13:49:33,2022-12-08 13:13:11
103,6775,@Ongvaltine If signs of aging yan mas matanda ka sakin boss jk,if signs of aging yan mas matanda ka sakin boss jk,code-switched,code-switched,0.7272727272727273,2022-03-10 23:05:06+00:00,2022-11-18 13:49:37,2022-12-08 13:45:39
104,14045,@dawende Kasi po sir doon si Mr robin naniniwala sa mga troll army nila nagpapalaganap ng Fake news.,kasi po sir doon si mr robin naniniwala sa mga troll army nila nagpapalaganap ng fake news,some_english,some_english,0.7058823529411765,2022-05-22 23:35:40+00:00,2022-11-18 13:49:41,2022-12-08 11:12:43
105,5103,Nag leave ko sa group sa simbahan namon. Hahah Wala man ta ma I ambag to kag daw d man ta e validate didto Kay Wala ta.. ü•¥üòÅ,nag leave ko sa group sa simbahan namon hahah wala man ta ma i ambag to kag daw d man ta e validate didto kay wala ta,not_english,some_english,0.7037037037037037,2022-02-22 23:58:55+00:00,2022-11-18 13:49:49,2022-12-08 13:47:06
106,14029,"And the First Athlete ""Walking"" away with the prize is ..... @ohjerm276 

#athlete 
#athletics 
#trackandfield 
#racewalk 
#racewalking 
#champion 
#customisedshoes 
#nike @ FWCC Pte Ltd https://t.co/zeRvgRdnWK",and the first athlete walking away with the prize is fwcc pte ltd,non_standard_english,not-syntactic_standard_english,0.7692307692307693,2022-05-22 23:46:27+00:00,2022-11-18 13:49:59,2022-12-08 13:11:18
107,20926,"John
Pallelai bedokwalk no49.misslohahhuat u do not humble.humble ourselves(demote.lower yourself in u astamation)1peter 5:6 this phrase'lower yourself in own estamation'does not mean to thing badly https://t.co/bdKJG4LHJM means'dont thik you can solve all problem on u own.",john pallelai bedokwalk no49 misslohahhuat u do not humble humble ourselves demote lower yourself in u astamation 1peter 56 this phraselower yourself in own estamationdoes not mean to thing badly meansdont thik you can solve all problem on u own,,,0.7837837837837838,2022-07-30 23:40:01+00:00,2022-11-18 13:50:03,2022-12-08 13:47:20
108,13271,"I always treat everyone Good. Bisan pa gani di na sila Good sakon..I always treat them right. Ma chat ka mareply ko,you greet me I greet you. Bisan IPA feel kag ipamukha mo pa sakon di ka gusto sakon ,still I treat you Good. Kasi di ko ugali yung ugali nyo. Get what I mean?ü§ó",i always treat everyone good bisan pa gani di na sila good sakon i always treat them right ma chat ka mareply koyou greet me i greet you bisan ipa feel kag ipamukha mo pa sakon di ka gusto sakon still i treat you good kasi di ko ugali yung ugali nyo get what i mean,code-switched,code-switched,0.7142857142857143,2022-05-14 23:17:26+00:00,2022-11-18 13:50:08,2022-12-08 13:09:52
109,23690,@FrontlineKamran Does anyone knows whereabouts of Mian Mansha @MManshaOfficial Sharif‚Äôs partner in IPP‚Äôs,does anyone knows whereabouts of mian mansha sharifs partner in ipps,not-syntactic_standard_english,non_standard_english,0.7272727272727273,2022-08-26 22:15:18+00:00,2022-11-18 13:50:17,2022-12-08 13:44:43
110,9657,"Iba tlaga ang effect ng galing ng #LeniKikoTeam2022, musical like les misables ang levelan. Fight like you've never fought before. #ParaSaPilipinasKongMahal",iba tlaga ang effect ng galing ng musical like les misables ang levelan fight like youve never fought before,code-switched,code-switched,0.7894736842105263,2022-04-08 22:41:14+00:00,2022-11-18 13:50:25,2022-12-08 13:46:30
111,9022,"Twitter saw it first syempre. üòÖ
Wag kalimutan sa mayo a nuebe üòÇ https://t.co/eI1JwYNSfc",twitter saw it first syempre wag kalimutan sa mayo a nuebe,code-switched,code-switched,0.7272727272727273,2022-04-02 23:29:13+00:00,2022-11-18 13:50:32,2022-12-08 11:16:04
112,16501,@chrisxzj Pag nasa Bora ako bisita ako dyan ha! Kung san man yan. Hehe,pag nasa bora ako bisita ako dyan ha kung san man yan hehe,not_english,not_english,0.7692307692307693,2022-06-16 23:59:28+00:00,2022-11-18 13:50:38,2022-12-08 13:47:11
113,6585,Ano man makuha nalang ko camella homes? May Soon to be rise SM na sa Marbel..developed nagid bah . https://t.co/JkWdEOagkL,ano man makuha nalang ko camella homes may soon to be rise sm na sa marbel developed nagid bah,some_english,code-switched,0.7368421052631579,2022-03-08 22:46:33+00:00,2022-11-18 13:50:52,2022-12-08 13:49:58
114,6918,Diri sa abroad bisan ano mo pa ka gusto magpuli sa pinas kay gusto mo Makita o  maupod Ang love ones mo. Madoubt kagid Kay gusto mo man makaipon kag mahatag sa ila Ang maayo nga life for them. And that's the real Love.‚ô•Ô∏è,diri sa abroad bisan ano mo pa ka gusto magpuli sa pinas kay gusto mo makita o maupod ang love ones mo madoubt kagid kay gusto mo man makaipon kag mahatag sa ila ang maayo nga life for them and thats the real love,some_english,some_english,0.7272727272727273,2022-03-12 23:35:40+00:00,2022-11-18 13:51:01,2022-12-08 13:47:17
115,14885,Adulting over flirting. Piliin yung may plan and actions kesa dun sa puro promise lang. Ang mahal mabuhay nowadays! Future muna.,adulting over flirting piliin yung may plan and actions kesa dun sa puro promise lang ang mahal mabuhay nowadays future muna,code-switched,code-switched,0.7619047619047619,2022-05-30 22:40:59+00:00,2022-11-18 13:51:08,2022-12-08 13:06:56
116,12426,"John
Pallelai bedokwalk no49.misskitty.misslohahhuat ahameful my treatment you all my https://t.co/k7F1QmaoP6 https://t.co/Gvk4PTnrff neck this is a evidence.john still witness for the case. https://t.co/wRu5RYNUwp",john pallelai bedokwalk no49 misskitty misslohahhuat ahameful my treatment you all my neck this is a evidence john still witness for the case,,,0.7727272727272727,2022-05-06 23:40:12+00:00,2022-11-18 13:51:10,2022-12-08 13:43:47
117,20772,@pulte GohLeePing Malaysia waiting $100.enought Thanks Malaysia HongLeong bank account 09950124745 Thanks,gohleeping malaysia waiting 100 enought thanks malaysia hongleong bank account 09950124745 thanks,non_standard_english,non_standard_english,0.7,2022-07-28 23:13:45+00:00,2022-11-18 13:51:26,2022-12-08 11:03:52
118,8325,"NATAtawa ako sa advice. Dapat daw mag open up ako sa Iba...kasi napaka unreachable ko daw. ü§£
Word unreachable? Seriously?Haha di ma reach kasi nga di ako nagrereply o nakipag convo. Paano po ako mag open up e wala na nga akong trust kahit kanino.",natatawa ako sa advice dapat daw mag open up ako sa iba kasi napaka unreachable ko daw word unreachable seriously haha di ma reach kasi nga di ako nagrereply o nakipag convo paano po ako mag open up e wala na nga akong trust kahit kanino,some_english,some_english,0.717391304347826,2022-03-26 23:39:18+00:00,2022-11-18 13:51:32,2022-12-08 13:50:13
119,21077,"So nag backfire japon sakon...Akon japon Sala...Kay nag hope pako , because Kay palangga gani.  I really fight .. but Yah I was shockk,my heart stops when I  found out may iban na sya Gali. And tong time nga ga talk ko sa iya ,di na amuto Ang tao nga ginpalangga ko. Ka funny lang",so nag backfire japon sakon akon japon sala kay nag hope pako because kay palangga gani i really fight but yah i was shockkmy heart stops when i found out may iban na sya gali and tong time nga ga talk ko sa iya di na amuto ang tao nga ginpalangga ko ka funny lang,code-switched,code-switched,0.7636363636363637,2022-07-31 23:03:33+00:00,2022-11-18 13:51:49,2022-12-08 13:42:25
120,8839,"Ngita NATA partner magpuli...para may budgeting..üò¨ 
Tani kung amo lang na kadali.. Soo tired of this.",ngita nata partner magpuli para may budgeting tani kung amo lang na kadali soo tired of this,some_english,code-switched,0.7058823529411765,2022-03-31 23:27:54+00:00,2022-11-18 13:52:40,2022-12-08 13:10:47
121,1400,Nonya Avocado Bua Kuluak Fried Rice delivered by @tabaojiak #tabaojiak @ Chilli Padi Nonya Restaurant https://t.co/hYSlUVSQB1,nonya avocado bua kuluak fried rice delivered by chilli padi nonya restaurant,,,0.75,2022-01-15 19:34:57+00:00,2022-11-18 13:53:07,2022-12-08 13:46:34
122,20218,"John
Pallelai bedokwalk no49 misslohahhuat and misskitty u stubborness u use meditation on me everyday my body and leg head is very heavy and stiff",john pallelai bedokwalk no49 misslohahhuat and misskitty u stubborness u use meditation on me everyday my body and leg head is very heavy and stiff,,,0.7916666666666666,2022-07-23 23:39:34+00:00,2022-11-18 13:53:09,2022-12-08 13:09:07
123,2515,"27 de enero de 1945.
Liberaci√≥n de Auschwitz por el Ej√©rcito Rojo. https://t.co/veUp4ZGXh0 en Auschwitz Concentration Camp https://t.co/Hq61wnqpgj",27 de enero de 1945 liberaci√≥n de auschwitz por el ej√©rcito rojo en auschwitz concentration camp,not_english,not_english,0.7142857142857143,2022-01-27 23:50:48+00:00,2022-11-18 13:53:15,2022-12-08 13:12:02
124,15547,Pallelai bedokwalk no49.misslohahhuat.misskitty stubborn heart u are big trouble have fallen into to trap of cunning or harsh have cristised put otherss down these conversation reveal your soul.misslohahhuat always talk unmeaningful things,pallelai bedokwalk no49 misslohahhuat misskitty stubborn heart u are big trouble have fallen into to trap of cunning or harsh have cristised put otherss down these conversation reveal your soul misslohahhuat always talk unmeaningful things,,,0.7647058823529411,2022-06-06 23:34:40+00:00,2022-11-18 13:53:21,2022-12-08 11:02:56
125,7443,"Thank you, @hidayatttnordin for this! Can‚Äôt wait to watch Hidayat‚Äôs rendition of ‚Ä¶ Dan Tiga Dara Terbang Ke Bulan! Happening tonight at C42. ‚ù§Ô∏è #mawesome #kakalinkaumemanggitu #dtdtkb @tunjukarah_iyakkunar ü•∞ https://t.co/En3GuVd9rt",thank you for this cant wait to watch hidayats rendition of dan tiga dara terbang ke bulan happening tonight at c42,not-syntactic_standard_english,non_standard_english,0.7,2022-03-17 23:15:05+00:00,2022-11-18 13:53:35,2022-12-08 11:13:15
126,14059,"John
Pallelai bedokwalk no49.misakitty.misslohahhuat trouble maker when working at wpg the salary 2012 to2013 they were my https://t.co/DQqcXOLxO7 https://t.co/iiJLBiDsYb wholebody skeleton slanting.wartime u also tell when start war.both misslohahhuat.misakitty.siva do has tell.",john pallelai bedokwalk no49 misakitty misslohahhuat trouble maker when working at wpg the salary 2012 to2013 they were my wholebody skeleton slanting wartime u also tell when start war both misslohahhuat misakitty siva do has tell,,,0.7575757575757576,2022-05-22 23:21:17+00:00,2022-11-18 13:53:46,2022-12-08 13:46:03
127,11867,@EasyEatsBodega @Wappy_eth Go all in bruh! Easywhale.eth bundle order 80 plots at 9:01pm,go all in bruh easywhale eth bundle order 80 plots at 901pm,non_standard_english,non_standard_english,0.7,2022-04-30 22:29:08+00:00,2022-11-18 13:53:53,2022-12-08 13:45:02
128,17106,"‚ÄúNo mud, no lotus.‚Äù ~ Thich Nhat Hanh

https://t.co/A282fJcgaj

Get in touch with me @SunGoddessTarot #SingaporeNumerologist #NumerologySG #Tarot #SingaporeTarot #Numerology #sungoddesstarot https://t.co/JSZwaZGnkZ",no mud no lotus thich nhat hanh get in touch with me,not-syntactic_standard_english,,0.75,2022-06-22 23:52:57+00:00,2022-11-18 13:54:10,2022-12-08 13:43:23
129,21096,"Gin byaan ka nya,nga wla ka kapanginlaman, In just one day nag wake up ka, hambalan ,di na sya Simo. The tendency is you chase her,and off course you suffer pain that kills you!  The pain that will tear your spirit.. and Ang gusto nya dayon mabaton mo? How is that?",gin byaan ka nyanga wla ka kapanginlaman in just one day nag wake up ka hambalan di na sya simo the tendency is you chase herand off course you suffer pain that kills you the pain that will tear your spirit and ang gusto nya dayon mabaton mo how is that,code-switched,code-switched,0.7843137254901961,2022-07-31 22:52:26+00:00,2022-11-18 13:54:17,2022-12-08 13:11:03
130,6076,@mythiXTrinity @The_Mainguy qui like alors qu'elle croit que c'est un fake √† cause de lui haha. J'suis mort ! üòÖ,qui like alors quelle croit que cest un fake √† cause de lui haha jsuis mort,not_english,not_english,0.75,2022-03-03 22:36:51+00:00,2022-11-18 13:54:21,2022-12-08 11:13:33
131,20437,"John
Pallelai bedokwalk no49.misslohahhuat disgrace u early count  money with misskitty.u disturb to victims.use meditatation until the mind dowsly.all sort of things.u happy",john pallelai bedokwalk no49 misslohahhuat disgrace u early count money with misskitty u disturb to victims use meditatation until the mind dowsly all sort of things u happy,,,0.7777777777777778,2022-07-25 23:31:28+00:00,2022-11-18 13:54:24,2022-12-08 13:41:16
132,17655,@JJzekkie @allkpop Yup naread ko to hyungiya ü•∞ its a must to visit Daegu talagapag natuloy sa SK üòÖüòç,yup naread ko to hyungiya its a must to visit daegu talagapag natuloy sa sk,some_english,some_english,0.7333333333333333,2022-06-27 23:26:57+00:00,2022-11-18 13:55:36,2022-12-08 11:14:11
133,21284,"John
Pallelai bedokwalk no49.misslohahhuat and misskitty troubled mind u feel soley responsible for the failure making difficult to share with others",john pallelai bedokwalk no49 misslohahhuat and misskitty troubled mind u feel soley responsible for the failure making difficult to share with others,,,0.7619047619047619,2022-08-02 23:10:12+00:00,2022-11-18 13:55:38,2022-12-08 13:44:19
134,21087,"It cause it a trauma. Very traumatic.. habang Ikaw gaisip para sa future nyo,gaisip nga everything's fine sa inyo..Wala man kamo nag away, sya Gali ga plan na nga byaan ka.. may problema na Gali sa iya .. and then nag come up nga. Ready na sya to dump you.",it cause it a trauma very traumatic habang ikaw gaisip para sa future nyogaisip nga everythings fine sa inyo wala man kamo nag away sya gali ga plan na nga byaan ka may problema na gali sa iya and then nag come up nga ready na sya to dump you,some_english,some_english,0.74,2022-07-31 22:56:07+00:00,2022-11-18 13:55:49,2022-12-08 13:40:55
135,17577,"@VTeamBase TAEHYUNG TAEHYUNG
#TAEHYUNGxCeline
#TaehyungInParis
Kim Taehyung (new)
He is trending here in Singapore as well‚Ä¶üíúüíú https://t.co/NbXC0EbvYX",taehyung taehyung kim taehyung new he is trending here in singapore as well,full_standard_english,not-syntactic_standard_english,0.7692307692307693,2022-06-26 23:02:01+00:00,2022-11-18 13:56:14,2022-12-08 13:07:54
136,18259,"If that‚Äôs true, why is Britney so obsessed with Iggy? Get Nicki, babe.",if thats true why is britney so obsessed with iggy get nicki babe,non_standard_english,non_standard_english,0.7692307692307693,2022-07-03 22:49:50+00:00,2022-11-18 13:56:22,2022-12-08 13:12:43
137,21875,Character development siguro anai..Bago kada mag glow up-glow up. Bisan ano mo pa kapagwapa Kay law.ay gid ya batasan mo.   Ahai ako ray nalungkot.,character development siguro anai bago kada mag glow up glow up bisan ano mo pa kapagwapa kay law ay gid ya batasan mo ahai ako ray nalungkot,some_english,code-switched,0.7037037037037037,2022-08-08 23:10:41+00:00,2022-11-18 13:56:31,2022-12-08 13:10:05
138,16967,my bestfriends r rly my only family idk what i wld do without themüò≠,my bestfriends r rly my only family idk what i wld do without them,non_standard_english,non_standard_english,0.7142857142857143,2022-06-20 22:57:12+00:00,2022-11-18 13:56:35,2022-12-08 13:49:50
139,9743,Walang may lake sa nararamdaman mo..kaya be your own support system.,walang may lake sa nararamdaman mo kaya be your own support system,code-switched,code-switched,0.75,2022-04-09 23:14:08+00:00,2022-11-18 13:56:45,2022-12-08 13:48:56
140,12546,"Thank you Lord! Settled na yung worries ko. Ang lakas ko talaga sayo. At naka tulong pako sa pinsan kung nag uundergo ng chemo,kasi may cancer. Without using my savings. ü§ó 
Thank you for sending those people who help me. https://t.co/C79eyPaRoY",thank you lord settled na yung worries ko ang lakas ko talaga sayo at naka tulong pako sa pinsan kung nag uundergo ng chemokasi may cancer without using my savings thank you for sending those people who help me,code-switched,code-switched,0.7692307692307693,2022-05-07 23:20:39+00:00,2022-11-18 13:56:56,2022-12-08 13:42:40
141,11806,@gtfoemo Hihi selamat beraya too! Say hi to your parents for meüòç,hihi selamat beraya too say hi to your parents for me,code-switched,code-switched,0.7272727272727273,2022-04-30 23:55:17+00:00,2022-11-18 13:57:02,2022-12-08 11:03:56
142,7445,Oh il a cal√© le mot ¬´¬†inflation¬†¬ª il √©tait trop s√ªr de lui. üò≠üò≠üò≠,oh il a cal√© le mot inflation il √©tait trop s√ªr de lui,not_english,not_english,0.7692307692307693,2022-03-17 23:09:04+00:00,2022-11-18 13:57:05,2022-12-08 13:10:33
143,2619,HOLY SHIT HAS QUACKITY STREAMED UET?! I DON'T WNNA MISS IT,holy shit has quackity streamed uet i dont wnna miss it,non_standard_english,non_standard_english,0.7272727272727273,2022-01-28 23:47:45+00:00,2022-11-18 13:57:09,2022-12-08 13:49:45
144,21093,"Thank you po sa lahat ng naki TP for Edward Barber.

Edward onBINIBININGPh22
EDWARDxBBPLIVECHAT

#EdwardBarber @Barber_Edward_
#BinibiningPilipinas2022 https://t.co/U9b0hEHWj5",thank you po sa lahat ng naki tp for edward barber edward onbinibiningph22 edwardxbbplivechat,code-switched,some_english,0.7692307692307693,2022-07-31 22:53:28+00:00,2022-11-18 13:58:28,2022-12-08 13:07:10
145,7549,"O sea, como las ‚Äúvacunas‚Äù que no protegen contra la ‚Äúpandemia‚Äù. https://t.co/i2PbmylKgS",o sea como las vacunas que no protegen contra la pandemia,not_english,not_english,0.7272727272727273,2022-03-18 22:48:05+00:00,2022-11-18 13:58:34,2022-12-08 13:40:59
146,12184,"Mayor, mas okay sana kung yung ‚Äúlearned a lesson‚Äù na yan ay nakita na natin sa gawa, hindi yung andito na tayo sa point na to pero puro hope lang ang kakapitan",mayor mas okay sana kung yung learned a lesson na yan ay nakita na natin sa gawa hindi yung andito na tayo sa point na to pero puro hope lang ang kakapitan,some_english,some_english,0.75,2022-05-03 22:58:10+00:00,2022-11-18 13:58:45,2022-12-08 13:11:58
147,22341,"Damo man ga follow sakon, ga feed sang cats. Kanami lang. Makahappy sa heart.",damo man ga follow sakon ga feed sang cats kanami lang makahappy sa heart,some_english,some_english,0.7142857142857143,2022-08-13 23:27:42+00:00,2022-11-18 13:58:53,2022-12-08 13:50:43
148,22624,Pallelai bedokwalk no 49.misskitty and misslohahhuat disgusting u dont settle my neck is so long. https://t.co/LukJp3WUid,pallelai bedokwalk no 49 misskitty and misslohahhuat disgusting u dont settle my neck is so long,,,0.7333333333333333,2022-08-16 23:44:24+00:00,2022-11-18 13:58:56,2022-12-08 13:09:05
149,21548,Hala uy...gaya-gaya tattoo.. gin copy mo nalang Tani tanan.. poga bah.. idol mo gid ko. HAHAHA influencer na ko Ani?,hala uy gaya gaya tattoo gin copy mo nalang tani tanan poga bah idol mo gid ko hahaha influencer na ko ani,some_english,some_english,0.7272727272727273,2022-08-05 23:24:37+00:00,2022-11-18 13:59:02,2022-12-08 13:06:37
150,22061,"John
Pallelai bedokwalk no49.misslohahhuat and misskitty have  use supernatural have interested that prevail over the essense of abuse by misskitty and misslohahhuat unruly behaviour publish bangkok post  dtd 1992021",john pallelai bedokwalk no49 misslohahhuat and misskitty have use supernatural have interested that prevail over the essense of abuse by misskitty and misslohahhuat unruly behaviour publish bangkok post dtd 1992021,,,0.75,2022-08-10 23:22:17+00:00,2022-11-18 13:59:10,2022-12-08 13:40:32
151,20687,"So far happy ko with myself.  Without ka chat,ka flirt,or without someone. Hahah",so far happy ko with myself without ka chatka flirtor without someone hahah,code-switched,code-switched,0.7692307692307693,2022-07-27 22:48:16+00:00,2022-11-18 13:59:16,2022-12-08 13:51:00
152,18134,taeil doyoung jaehyun and haechan live voice‚Ä¶. yeah yeah indeed they are THEE main vocalists of nct,taeil doyoung jaehyun and haechan live voice yeah yeah indeed they are thee main vocalists of nct,non_standard_english,non_standard_english,0.7058823529411765,2022-07-02 23:34:50+00:00,2022-11-18 13:59:23,2022-12-08 13:43:56
153,6247,@deynuuuh May guide ka sa FB neg? Haha check kooo omg di pa kasi ako nakapag Bora haha,may guide ka sa fb neg haha check kooo omg di pa kasi ako nakapag bora haha,some_english,code-switched,0.7647058823529411,2022-03-05 23:01:59+00:00,2022-11-18 13:59:34,2022-12-08 13:12:08
154,11398,"Cuscaden Reserve
Address: 8 Cuscaden Road
Tenure: 99 Years
Top: Q4 2022
https://t.co/9ghd8HpldL https://t.co/wo7BVkUei8",cuscaden reserve address 8 cuscaden road tenure 99 years top q4 2022,,,0.75,2022-04-25 22:53:30+00:00,2022-11-18 13:59:40,2022-12-08 13:49:52
155,6695,crazy game and I'm convinced psg is nvr gonna win the ucl,crazy game and im convinced psg is nvr gonna win the ucl,non_standard_english,non_standard_english,0.75,2022-03-09 21:55:42+00:00,2022-11-18 13:59:44,2022-12-08 13:44:58
156,5797,Namiss ko mag wake up late ah...tsk! Gamay pa nga antos üòë,namiss ko mag wake up late ah tsk gamay pa nga antos,some_english,code-switched,0.75,2022-02-28 22:41:25+00:00,2022-11-18 13:59:52,2022-12-08 13:42:11
157,18813,"John
Pallelai bedokwalk no49.misslohahhuat.misskitty u follow me the church and john!attending sun mass.",john pallelai bedokwalk no49 misslohahhuat misskitty u follow me the church and john attending sun mass,,,0.7333333333333333,2022-07-09 23:51:05+00:00,2022-11-18 13:59:55,2022-12-08 13:46:01
158,4354,"@ESPNcricinfo Hasaranga, want to see what RCB management saw in spending 10.75 cr leaving out Zampa, Chahal, Adil Rashid and Mujeeb who would all been better spinners.",hasaranga want to see what rcb management saw in spending 10 75 cr leaving out zampa chahal adil rashid and mujeeb who would all been better spinners,not-syntactic_standard_english,non_standard_english,0.76,2022-02-14 23:29:13+00:00,2022-11-18 14:00:20,2022-12-08 13:09:38
159,13168,"@whatthefurr This is what we hv all created tgt ü•π
ü§ú‚ù§Ô∏è‚Äçüî•ü§õ wht a milestone!",this is what we hv all created tgt wht a milestone,non_standard_english,non_standard_english,0.7272727272727273,2022-05-13 23:04:28+00:00,2022-11-18 14:00:29,2022-12-08 13:12:29
160,7324,"Wake up,shower,breakfast, do exercise,walking 30mins..balik sa hotel,shower ,tidy up a bit, nganga until lunch, then go to mc nair Rd so monitoring.5pm go home ,dinner sa gawas, balik hotel,shower,sleep then repeat!  For 10 days üò©",wake upshowerbreakfast do exercisewalking 30mins balik sa hotelshower tidy up a bit nganga until lunch then go to mc nair rd so monitoring 5pm go home dinner sa gawas balik hotelshowersleep then repeat for 10 days,code-switched,code-switched,0.7575757575757576,2022-03-16 23:34:47+00:00,2022-11-18 14:00:44,2022-12-08 13:41:10
161,10710,Hat gerade ein Foto gepostet @ St. John Island and Lazarus Island https://t.co/DvrERMBx9m,hat gerade ein foto gepostet st john island and lazarus island,not_english,,0.7272727272727273,2022-04-19 23:55:24+00:00,2022-11-18 14:00:49,2022-12-08 13:09:46
162,14577,"I am strong, I'm only weak sa mga tao nga palangga ko..  Pero hoooy resilient ni!",i am strong im only weak sa mga tao nga palangga ko pero hoooy resilient ni,code-switched,code-switched,0.75,2022-05-27 22:31:51+00:00,2022-11-18 14:00:54,2022-12-08 13:49:41
163,2663,The universe will keep sending you lessons until you finally learn them. Yung saktan ka ng saktan para wala ka nang choice.bangon tapos laban ulit!,the universe will keep sending you lessons until you finally learn them yung saktan ka ng saktan para wala ka nang choice bangon tapos laban ulit,code-switched,code-switched,0.7307692307692307,2022-01-28 23:26:13+00:00,2022-11-18 14:00:59,2022-12-08 13:47:56
164,14137,"John
Pallelai bedokwalk no49.misslohahhuat.misskitty u make dowsly john can write.misslohahhuat say he waiting to die.misskitty u also waiting to https://t.co/7vx2dkvuWi use meditation to make dowsly.",john pallelai bedokwalk no49 misslohahhuat misskitty u make dowsly john can write misslohahhuat say he waiting to die misskitty u also waiting to use meditation to make dowsly,,,0.7037037037037037,2022-05-23 23:28:39+00:00,2022-11-18 14:01:02,2022-12-08 13:46:36
165,18356,"John
Pallelai buddhist temple no49.misskitty.misslohahhuat siva  my teeth ache very badly so i cosidered own accord u cancentrated on the feeling because samatha was so strong",john pallelai buddhist temple no49 misskitty misslohahhuat siva my teeth ache very badly so i cosidered own accord u cancentrated on the feeling because samatha was so strong,,,0.7777777777777778,2022-07-04 23:23:42+00:00,2022-11-18 14:01:04,2022-12-08 13:09:41
166,11970,@lenirobredo keep up vp at ingat good bless to you..at tayo na ang panalo dito..,keep up vp at ingat good bless to you at tayo na ang panalo dito,code-switched,code-switched,0.7333333333333333,2022-05-01 22:38:19+00:00,2022-11-18 14:01:30,2022-12-08 13:47:24
167,23803,"En menos de nada empiezo de nuevo con mis tweets de fannn, no me odienü•π",en menos de nada empiezo de nuevo con mis tweets de fannn no me odien,not_english,not_english,0.7333333333333333,2022-08-28 23:56:38+00:00,2022-11-18 14:01:35,2022-12-08 11:16:22
168,17247,"John
Pallelai bedokwalk no 49.misslohahhuat misskitty stubborn u watch st new yesterday on covict 19.u can contiues do it others and john",john pallelai bedokwalk no 49 misslohahhuat misskitty stubborn u watch st new yesterday on covict 19 u can contiues do it others and john,,,0.7272727272727273,2022-06-23 23:10:55+00:00,2022-11-18 14:02:02,2022-12-08 13:49:47
169,23522,"John.
Pallelai bedokwalk no 49
Misslohahhuat yestayday while mrt queenatown mrt while talking to the woman u said shoutup u mention miss q say shout up .his father is p",john pallelai bedokwalk no 49 misslohahhuat yestayday while mrt queenatown mrt while talking to the woman u said shoutup u mention miss q say shout up his father is p,,,0.7241379310344828,2022-08-25 23:42:57+00:00,2022-11-18 14:02:06,2022-12-08 13:42:49
170,19458,"John
Pallelai bedokwalk no48.misslohahhuat.misskitty disgrace u sitting in the blessing room u backside see got fire.",john pallelai bedokwalk no48 misslohahhuat misskitty disgrace u sitting in the blessing room u backside see got fire,,,0.7647058823529411,2022-07-15 23:02:01+00:00,2022-11-18 14:02:09,2022-12-08 13:40:30
171,18881,"everytime ba ung last song niya kasi ""i love you"" yung last lyrics? i love you too jongdae ‚ù§Ô∏èü•∞ #CHENinLondon #HPFLondon2022",everytime ba ung last song niya kasi i love you yung last lyrics i love you too jongdae,code-switched,code-switched,0.7777777777777778,2022-07-09 22:09:45+00:00,2022-11-18 14:02:15,2022-12-08 13:49:05
172,4109,"So sleepy but need to go to church. Su su na myself. üòÅ

Good MEWning, MewMew and Mewlions ü•∞

#Before430
#‡∏°‡∏¥‡∏ß‡∏®‡∏∏‡∏†‡∏®‡∏¥‡∏©‡∏è‡πå
@MSuppasit
#MewSuppasit",so sleepy but need to go to church su su na myself good mewning mewmew and mewlions,non_standard_english,non_standard_english,0.7058823529411765,2022-02-12 23:33:02+00:00,2022-11-18 14:02:28,2022-12-08 13:10:56
173,19878,"@l8371739 @Walo_1901 Se jug√≥ con solo 3 suplentes, la sub 18 es la base del equipo de reservas.",se jug√≥ con solo 3 suplentes la sub 18 es la base del equipo de reservas,not_english,not_english,0.7142857142857143,2022-07-19 23:19:34+00:00,2022-11-18 14:02:31,2022-12-08 13:41:58
174,711,"Yung paghindi pag harmonize ni ken, ni pablo at stell pag line na ni jah at josh. Palatandaan yun na nag improve at level up na vocals nilang dlawa at di na need ng gabay nung tatlo.

@SB19Official #SB19
#Bazinga_SB19",yung paghindi pag harmonize ni ken ni pablo at stell pag line na ni jah at josh palatandaan yun na nag improve at level up na vocals nilang dlawa at di na need ng gabay nung tatlo,some_english,some_english,0.7567567567567568,2022-01-09 23:50:01+00:00,2022-11-18 14:02:35,2022-12-08 13:11:34
175,8378,Ikaw pa ang sa layo...ikaw pa mag adjust sa tanan. Haysss,ikaw pa ang sa layo ikaw pa mag adjust sa tanan haysss,not_english,not_english,0.75,2022-03-26 22:20:52+00:00,2022-11-18 14:02:38,2022-12-08 13:42:46
176,13775,Actually Gina motivate ko lang gid ang self ko todayssss bedyooowww hahahaha potarsss aga pa..,actually gina motivate ko lang gid ang self ko todayssss bedyooowww hahahaha potarsss aga pa,some_english,code-switched,0.7333333333333333,2022-05-19 23:13:09+00:00,2022-11-18 14:02:49,2022-12-08 13:42:33
177,11716,Nespresso Themed Staycation. In-room coffee bar. @ JW Marriott Hotel Singapore South Beach https://t.co/NoJu1K4QWM,nespresso themed staycation in room coffee bar jw marriott hotel singapore south beach,,,0.7692307692307693,2022-04-29 23:46:22+00:00,2022-11-18 14:03:17,2022-12-08 13:08:28
178,9444,I‚Äôm a fan of vijay since thullatha manam thullam. ‚ÄúKutty‚Äù character will always be closest to my heart ‚ô•Ô∏è,im a fan of vijay since thullatha manam thullam kutty character will always be closest to my heart,code-switched,code-switched,0.7777777777777778,2022-04-06 23:26:48+00:00,2022-11-18 14:04:20,2022-12-08 11:14:17
179,22605,@9NewsSyd @cokeefe9 Ooooh another Qantas PR ‚Äúlook over there!‚Äù moment ü§¶üèª‚Äç‚ôÄÔ∏è a few years away?? Oh ffs ü§¶üèª‚Äç‚ôÄÔ∏è,ooooh another qantas pr look over there moment a few years away oh ffs,non_standard_english,non_standard_english,0.7857142857142857,2022-08-16 23:52:19+00:00,2022-11-18 14:04:25,2022-12-08 13:45:57
180,1877,"Mas maganda pa din yung CLASSY  at Quality tweets nababasa under our tags kesa HATE tweets.

BAZINGA ON BBHTS
@SB19Official #SB19

Listen to #Bazinga_SB19",mas maganda pa din yung classy at quality tweets nababasa under our tags kesa hate tweets bazinga on bbhts listen to,code-switched,code-switched,0.7619047619047619,2022-01-20 23:10:58+00:00,2022-11-18 14:04:34,2022-12-08 13:41:14
181,12013,Ang hirap mag budget nang monthly allowance kesa sa weekly allowance. Haha,ang hirap mag budget nang monthly allowance kesa sa weekly allowance haha,code-switched,code-switched,0.75,2022-05-02 23:46:47+00:00,2022-11-18 14:04:37,2022-12-08 11:02:52
182,1313,Thank you lord sa lahat lahat ng blessings mo po samin.. Good health lang po para sa hga mahal ko sa buhay..ilayo mo po sila sa kpahamakan..amen. https://t.co/NUZ21xg9ik,thank you lord sa lahat lahat ng blessings mo po samin good health lang po para sa hga mahal ko sa buhay ilayo mo po sila sa kpahamakan amen,some_english,some_english,0.7241379310344828,2022-01-15 23:39:44+00:00,2022-11-18 14:04:50,2022-12-08 11:12:50
183,21025,"""A lot of TV today,but a wonderful Sunday full of pride and cheers""

LauraAnika's Myday 

Edward onBINIBININGPh22

EDWARDxBBPLIVECHAT

#EdwardBarber @Barber_Edward_ https://t.co/IvXj1IdcNk",a lot of tv todaybut a wonderful sunday full of pride and cheers lauraanikas myday edward onbinibiningph22 edwardxbbplivechat,not-syntactic_standard_english,not-syntactic_standard_english,0.7647058823529411,2022-07-31 23:35:54+00:00,2022-11-18 14:05:05,2022-12-08 11:15:06
184,22012,"John
Pallelai bedokwalk no49.miss lohahhuat and misskitty use meditation concentration is psychic power  like recollection of past lives",john pallelai bedokwalk no49 miss lohahhuat and misskitty use meditation concentration is psychic power like recollection of past lives,,,0.7777777777777778,2022-08-10 23:52:54+00:00,2022-11-18 14:05:08,2022-12-08 13:43:49
185,11265,Sa vodka man Siguro ning sige sinakit sang tyan ko. Tsk,sa vodka man siguro ning sige sinakit sang tyan ko tsk,not_english,some_english,0.7272727272727273,2022-04-24 23:23:24+00:00,2022-11-18 14:05:11,2022-12-08 13:42:06
186,23105,cheers to a great Sunday - talking to nft fwens about non-nft stuff ‚ú® @CryptoNoobz96 @Quirinus9699 @0xGladys @NFMarkus @kimkimbapp https://t.co/aqdkBpYe6p,cheers to a great sunday talking to nft fwens about non nft stuff,not-syntactic_standard_english,non_standard_english,0.7692307692307693,2022-08-21 23:56:18+00:00,2022-11-18 14:05:26,2022-12-08 13:48:14
187,7159,Damo Patay Singapore bah ..daw adlaw2 may Ara sa block namon,damo patay singapore bah daw adlaw2 may ara sa block namon,not_english,not_english,0.7,2022-03-14 23:16:32+00:00,2022-11-18 14:05:31,2022-12-08 13:11:26
188,13671,"Smileeeeeeee.....

'Walk into Battle with a Smile on your Face"" ~...CFW...

#crosscountry 
#crossers 
#trailrunning 
#trackandfield 
#trackandtrail 
#athlete 
#runners @ Bedok Reservoir https://t.co/WucoguluKx",smileeeeeeee walk into battle with a smile on your face cfw bedok reservoir,non_standard_english,non_standard_english,0.7692307692307693,2022-05-18 23:06:08+00:00,2022-11-18 14:05:35,2022-12-08 13:48:04
189,5109,Di Ako friendly sa social media...like I'm kinda hostile pero pag inperson naman iba..üòä,di ako friendly sa social media like im kinda hostile pero pag inperson naman iba,code-switched,code-switched,0.7333333333333333,2022-02-22 23:50:44+00:00,2022-11-18 14:05:43,2022-12-08 11:30:38
190,15334,"John
Pallelai bedokwalk no49.misskitty missloh u know u and misslohahhuat rock in the https://t.co/UNHQbZ2Z91 not to walk rock and rock.ucommitee members can rock together.",john pallelai bedokwalk no49 misskitty missloh u know u and misslohahhuat rock in the not to walk rock and rock ucommitee members can rock together,,,0.75,2022-06-04 23:22:42+00:00,2022-11-18 14:05:48,2022-12-08 13:41:01
191,19904,"Goodmorning to my Star&amp;Sky ü•∞ have a great ThursDay @talktojirakit @Markjrtn @arm_wc @Toptap_jirakit @ChenRcj @dunknatachai!

Goodmorning DungJangs and all have a nice ThursDay!

ü•∞‚ù§ https://t.co/ykZbbA13Du",goodmorning to my starandsky have a great thursday goodmorning dungjangs and all have a nice thursday,non_standard_english,non_standard_english,0.75,2022-07-20 23:56:51+00:00,2022-11-18 14:05:54,2022-12-08 11:15:28
192,9747,"May mga kwento tayong hindi pa natin kaya sabihin sa iba kasi natatakot tayo majudge o nasa trauma at pain stage pa tayo. To anyone who is carrying a heavy heart in silence, it‚Äôs gonna be okay someday. üôè",may mga kwento tayong hindi pa natin kaya sabihin sa iba kasi natatakot tayo majudge o nasa trauma at pain stage pa tayo to anyone who is carrying a heavy heart in silence its gonna be okay someday,code-switched,code-switched,0.7105263157894737,2022-04-09 23:12:23+00:00,2022-11-18 14:06:16,2022-12-08 13:13:26
193,14168,Bisan ano ka damo problema nag abot sakon..I can feel na guided gid ko..Thank you Lord! Its time to get back!,bisan ano ka damo problema nag abot sakon i can feel na guided gid ko thank you lord its time to get back,code-switched,not-syntactic_standard_english,0.782608695652174,2022-05-23 22:55:08+00:00,2022-11-18 14:06:30,2022-12-08 13:08:03
194,11795,"John
Pallelai bedokwalk no49.misskitty.misslohahhuat  u sre responsibility for looking my https://t.co/0NBBvhMFQZ temple commitee members are also rensponsibility for looking for my room. yesterday looking misskitty use word speak on behalf this ever being rec .",john pallelai bedokwalk no49 misskitty misslohahhuat u sre responsibility for looking my temple commitee members are also rensponsibility for looking for my room yesterday looking misskitty use word speak on behalf this ever being rec,,,0.7647058823529411,2022-04-29 22:49:01+00:00,2022-11-18 14:06:34,2022-12-08 13:13:28
195,7553,"Pakatatag lang ta self...we don't have someone to rely on. üí™ Sige lang , Puli nata nextyear..tiis tiis ta anai.",pakatatag lang ta self we dont have someone to rely on sige lang puli nata nextyear tiis tiis ta anai,code-switched,code-switched,0.7,2022-03-18 22:35:11+00:00,2022-11-18 14:06:39,2022-12-08 13:47:53
196,16531,"John
Pallalei bedokwalk no49.misskitty.siva.misslohahhuat.unknown monk stubborn u are deeply in legal trouble",john pallalei bedokwalk no49 misskitty siva misslohahhuat unknown monk stubborn u are deeply in legal trouble,,,0.7333333333333333,2022-06-16 23:45:14+00:00,2022-11-18 14:06:43,2022-12-08 13:11:38
197,16019,"ÿ®Ÿêÿ≥ŸíŸÖŸê ÿßŸÑŸÑŸéŸëŸáŸê ÿ™ŸéŸàŸéŸÉŸéŸëŸÑŸíÿ™Ÿè ÿπŸéŸÑŸéŸâ ÿßŸÑŸÑŸéŸëŸáŸê ŸÑÿßŸé ÿ≠ŸéŸàŸíŸÑŸé ŸàŸéŸÑÿßŸé ŸÇŸèŸàŸéŸëÿ©Ÿé ÿ•ŸêŸÑÿßŸéŸë ÿ®ŸêÿßŸÑŸÑŸéŸëŸáŸê
Bismillahi tawakkaltu alallahi la hawla wala quwwata illa billah

‚ÄúIn the name of Allah, I trust in Allah; there is no might and no power but in Allah‚Äù",bismillahi tawakkaltu alallahi la hawla wala quwwata illa billah in the name of allah i trust in allah there is no might and no power but in allah,code-switched,code-switched,0.7142857142857143,2022-06-11 23:35:17+00:00,2022-11-18 14:07:02,2022-12-08 13:45:12
198,14546,Ma detect na ka FB kung single ka aw? Depota damo ga add. Gina test gid ko sang Facebook bah.. Hoooy untati nyo ko!  Mga bata pa kamoüòÇ,ma detect na ka fb kung single ka aw depota damo ga add gina test gid ko sang facebook bah hoooy untati nyo ko mga bata pa kamo,some_english,some_english,0.7142857142857143,2022-05-27 23:07:31+00:00,2022-11-18 14:07:17,2022-12-08 13:41:20
199,22763,"Dali ko mag sawa https://t.co/JMDoFNesEi movie,Lalo na puro storya.. tsk! Regressive reader gid ko ya.  Kind of lazy üòÅ",dali ko mag sawa movielalo na puro storya tsk regressive reader gid ko ya kind of lazy,code-switched,code-switched,0.7647058823529411,2022-08-17 23:10:12+00:00,2022-11-18 14:07:37,2022-12-08 13:13:41
